1,Rose,Brown,rbrown0@nba.com,China,17.49.198.35
2,Judy,Martin,jmartin1@arizona.edu,Greece,18.25.134.127
3,Craig,Brown,cbrown2@wiley.com,France,10.102.255.8
4,Raymond,Dixon,rdixon3@people.com.cn,Portugal,48.174.89.72
5,Barbara,Morales,bmorales4@1und1.de,New Zealand,227.74.157.48
6,Katherine,Burns,kburns5@t-online.de,Finland,154.51.75.203
7,Aaron,Ward,award6@hibu.com,Brazil,15.123.140.147
8,Norma,Daniels,ndaniels7@webs.com,Mexico,7.240.211.216
9,Patrick,Elliott,pelliott8@unblog.fr,France,253.17.232.152
10,Joyce,Mills,jmills9@discovery.com,Philippines,144.237.6.84
11,Ralph,Meyer,rmeyera@istockphoto.com,Haiti,250.78.198.31
12,Lawrence,Baker,lbakerb@reuters.com,China,107.255.3.186
13,Donald,Brown,dbrownc@digg.com,Sweden,136.188.160.67
14,Sean,Chavez,schavezd@japanpost.jp,Philippines,98.88.102.26
15,Anthony,Robertson,arobertsone@yellowbook.com,Tuvalu,165.139.101.158
16,Daniel,Carr,dcarrf@wunderground.com,China,255.71.233.137
17,Anthony,Harper,aharperg@ox.ac.uk,China,88.182.65.2
18,Clarence,Watson,cwatsonh@rediff.com,Greece,153.172.92.237
19,Annie,Mitchell,amitchelli@wunderground.com,Russia,130.65.42.78
20,Dennis,Hayes,dhayesj@amazon.co.uk,China,130.87.157.45
21,Walter,Lynch,wlynchk@irs.gov,Russia,165.100.152.105
22,Joan,Hughes,jhughesl@plala.or.jp,China,78.239.91.109
23,Douglas,Simpson,dsimpsonm@ucsd.edu,Portugal,246.17.100.183
24,Victor,Hudson,vhudsonn@eventbrite.com,Germany,134.199.33.70
25,Martha,Palmer,mpalmero@jiathis.com,China,206.141.186.175
26,Billy,Holmes,bholmesp@mysql.com,Indonesia,246.4.199.75
27,Michael,Murray,mmurrayq@washingtonpost.com,Indonesia,52.212.35.254
28,Patrick,Ryan,pryanr@cornell.edu,Argentina,79.122.235.106
29,Steven,Johnston,sjohnstons@livejournal.com,Ghana,17.217.138.8
30,George,Welch,gwelcht@shareasale.com,China,187.18.110.17
31,Tammy,Morris,tmorrisu@i2i.jp,Portugal,19.249.38.104
32,Patricia,Washington,pwashingtonv@webnode.com,Armenia,233.69.72.15
33,Kelly,Gray,kgrayw@ow.ly,Philippines,56.88.22.1
34,Joshua,Bailey,jbaileyx@weather.com,Brazil,105.72.55.219
35,Craig,Garrett,cgarretty@theglobeandmail.com,Philippines,57.53.250.38
36,Brandon,Castillo,bcastilloz@ovh.net,South Sudan,120.61.130.141
37,Linda,Miller,lmiller10@huffingtonpost.com,Mexico,250.60.70.125
38,Johnny,Lewis,jlewis11@tiny.cc,Honduras,68.246.176.184
39,Louis,Ray,lray12@japanpost.jp,China,49.246.156.86
40,Adam,Elliott,aelliott13@360.cn,Colombia,122.214.201.209
41,Donald,Nguyen,dnguyen14@flavors.me,China,131.27.254.151
42,William,Griffin,wgriffin15@stumbleupon.com,Costa Rica,248.40.135.172
43,Catherine,Alexander,calexander16@dropbox.com,Russia,18.171.132.168
44,Heather,Harvey,hharvey17@businessinsider.com,China,167.136.150.116
45,Patrick,Porter,pporter18@ocn.ne.jp,United States,30.131.147.73
46,Ruby,Grant,rgrant19@techcrunch.com,Ivory Coast,220.59.173.88
47,Russell,Henderson,rhenderson1a@trellian.com,Denmark,5.139.67.11
48,Judy,Carpenter,jcarpenter1b@amazon.co.jp,Colombia,68.240.20.230
49,Janet,Kennedy,jkennedy1c@opera.com,China,198.81.104.239
50,Anne,Garrett,agarrett1d@cdbaby.com,Philippines,107.165.66.57
51,Jeremy,Dean,jdean1e@pbs.org,Bosnia and Herzegovina,18.67.113.114
52,Rose,Thomas,rthomas1f@so-net.ne.jp,Philippines,7.132.19.91
53,Emily,Ellis,eellis1g@china.com.cn,Ukraine,178.56.200.142
54,Betty,Perez,bperez1h@technorati.com,Russia,131.190.207.116
55,Michelle,Hudson,mhudson1i@1688.com,Iceland,119.133.182.132
56,Alice,Myers,amyers1j@nyu.edu,Albania,189.10.120.4
57,Phillip,Watson,pwatson1k@sbwire.com,Ukraine,108.160.38.134
58,Douglas,Henry,dhenry1l@smh.com.au,Spain,195.82.42.166
59,Russell,Hill,rhill1m@rediff.com,Honduras,36.3.90.191
60,Jose,Bell,jbell1n@people.com.cn,China,182.25.132.179
61,Jennifer,Murphy,jmurphy1o@theatlantic.com,Bangladesh,193.1.9.247
62,Chris,Castillo,ccastillo1p@artisteer.com,Poland,216.81.223.108
63,Betty,Fernandez,bfernandez1q@google.com,Japan,199.71.240.53
64,Kevin,Williamson,kwilliamson1r@ameblo.jp,Poland,248.96.54.171
65,Sandra,Watson,swatson1s@dion.ne.jp,Indonesia,238.70.131.240
66,Betty,James,bjames1t@edublogs.org,Poland,146.91.225.145
67,Janice,Cox,jcox1u@furl.net,China,169.5.162.105
68,Ronald,Peterson,rpeterson1v@i2i.jp,Poland,40.60.200.230
69,Dennis,Watkins,dwatkins1w@prweb.com,Indonesia,234.131.198.184
70,Kathryn,Crawford,kcrawford1x@ox.ac.uk,Brazil,112.85.156.126
71,Jean,Hudson,jhudson1y@phpbb.com,Philippines,197.49.192.182
72,Sara,Hanson,shanson1z@vk.com,South Africa,10.58.252.206
73,Jesse,Walker,jwalker20@yale.edu,Tajikistan,245.35.119.40
74,Paul,Dean,pdean21@sciencedirect.com,China,169.55.223.34
75,Jessica,Shaw,jshaw22@sphinn.com,Poland,134.47.24.113
76,Fred,Hughes,fhughes23@oakley.com,Indonesia,113.208.96.106
77,Sharon,Hart,shart24@mediafire.com,China,251.213.250.6
78,Ruby,Stewart,rstewart25@google.cn,China,46.55.213.58
79,Jessica,Harper,jharper26@wordpress.com,Thailand,45.36.154.165
80,Christine,Montgomery,cmontgomery27@go.com,China,248.58.137.161
81,William,Fuller,wfuller28@booking.com,China,55.108.69.26
82,Antonio,Black,ablack29@posterous.com,China,210.31.114.146
83,Thomas,Robertson,trobertson2a@furl.net,Albania,67.40.77.155
84,Martha,Marshall,mmarshall2b@feedburner.com,Saudi Arabia,180.214.87.33
85,Alice,Edwards,aedwards2c@thetimes.co.uk,Indonesia,232.196.7.54
86,Juan,Weaver,jweaver2d@newsvine.com,Germany,117.119.155.120
87,Rachel,Garrett,rgarrett2e@t-online.de,France,197.3.74.239
88,Ruth,Woods,rwoods2f@ted.com,Indonesia,17.187.29.129
89,Laura,Sanchez,lsanchez2g@ebay.com,Brazil,24.240.190.110
90,Michael,Black,mblack2h@1und1.de,China,160.151.88.55
91,Theresa,Woods,twoods2i@newsvine.com,Czech Republic,103.170.93.24
92,Donna,Anderson,danderson2j@examiner.com,France,67.198.151.219
93,Andrea,Baker,abaker2k@storify.com,Uzbekistan,201.45.96.86
94,Jeremy,Carpenter,jcarpenter2l@purevolume.com,Canada,164.195.207.26
95,Willie,Mills,wmills2m@msn.com,Indonesia,83.69.144.236
96,Anthony,Hunter,ahunter2n@ibm.com,Croatia,224.29.122.64
97,Arthur,Nguyen,anguyen2o@wisc.edu,Poland,55.233.184.101
98,Walter,Watkins,wwatkins2p@fema.gov,Tanzania,210.245.148.245
99,Nancy,Myers,nmyers2q@mapy.cz,Bolivia,95.112.181.4
100,Gerald,Cole,gcole2r@ehow.com,Philippines,93.14.72.16
